subject_id,node_id,prob_abnormal
sub-002,0,2.4620457255176693e-05
sub-002,1,0.002347578642834454
sub-002,2,4.7541302813302615e-05
sub-002,3,0.0012120313721072935
sub-002,4,0.00022144018447368125
sub-002,5,0.000773275594194529
sub-002,6,0.00019053092833191387
sub-002,7,0.0012995494421855782
sub-002,8,0.01785992446424828
sub-002,9,0.0001761720334813893
sub-002,10,0.46794879180082694
sub-002,11,0.013105129637802934
sub-002,12,0.007779228534386003
sub-002,13,0.0008441272924296049
sub-002,14,0.00860921641128807
sub-002,15,0.7325312202405521
sub-002,16,0.007140628497438265
sub-002,17,0.0001635916141405499
sub-002,18,0.0008277060960381717
sub-002,19,0.001200867088843924
sub-002,20,0.01423120605600102
sub-002,21,0.1188640732060078
sub-002,22,0.11787652341874512
sub-002,23,0.15162722576951085
sub-002,24,0.0027114646640662514
sub-002,25,0.002229304999526392
sub-002,26,0.18042674226812053
sub-002,27,0.1274226518521396
sub-002,28,0.0014021955920186454
sub-002,29,0.0007816692886305056
sub-002,30,0.0002853363673925713
sub-002,31,2.5642149850820984e-05
sub-002,32,5.169245059612565e-05
sub-002,33,0.026121138730112688
sub-002,34,1.3958923209131353e-06
sub-002,35,0.001614492334201619
sub-002,36,0.008619288284533075
sub-002,37,0.00044290469509396176
sub-002,38,0.04228660737062211
sub-002,39,0.06743123401105233
sub-002,40,0.012781005216998579
sub-002,41,0.002353123445175308
sub-002,42,0.005920381101146609
sub-002,43,0.005204178618395497
sub-002,44,0.014262134338944665
sub-002,45,0.08013225899317385
sub-002,46,0.003110938417690641
sub-002,47,0.0039972218782472375
sub-002,48,0.0165482490953742
sub-002,49,0.19420498939055436
sub-002,50,0.038282621683336196
sub-002,51,0.002142927074860764
sub-002,52,0.001297479850505454
sub-002,53,0.0006590577165067539
sub-002,54,0.11923390408510123
sub-002,55,0.42168232617548174
sub-002,56,0.4148923053032173
sub-002,57,0.06992233175943104
sub-002,58,0.02838620464831889
sub-002,59,0.08922519100760175
sub-002,60,0.30369101619515754
sub-002,61,0.09886650991436396
sub-002,62,2.6938198321908567e-05
sub-002,63,0.00027419670528078624
sub-002,64,0.005471635326811837
sub-002,65,0.0018061378032852961
sub-002,66,2.854840677752485e-06
sub-002,67,0.07745570076935532
sub-003,0,6.846636081830086e-07
sub-003,1,7.533176998809468e-06
sub-003,2,7.085136305566921e-09
sub-003,3,5.067333922021628e-06
sub-003,4,2.6653494824239557e-05
sub-003,5,2.6734580729513093e-06
sub-003,6,7.273616600013074e-05
sub-003,7,5.5423874341382e-08
sub-003,8,0.010483992078440574
sub-003,9,2.7389123300660235e-06
sub-003,10,2.2938901253112645e-08
sub-003,11,0.00027334419140047784
sub-003,12,2.965396155888636e-05
sub-003,13,4.959697734232958e-09
sub-003,14,5.57021495440014e-07
sub-003,15,0.00010402733340609218
sub-003,16,3.8372153905111115e-07
sub-003,17,1.1453100409139542e-05
sub-003,18,4.095911847147146e-09
sub-003,19,0.00032120770447370496
sub-003,20,0.0006825722164128226
sub-003,21,0.00031346826684473296
sub-003,22,8.241926574204627e-06
sub-003,23,0.3473161375051445
sub-003,24,3.7563041164047157e-07
sub-003,25,3.429082968245926e-06
sub-003,26,0.00028059850500335116
sub-003,27,0.0007667824850486668
sub-003,28,1.5304922187592264e-07
sub-003,29,7.40468221690903e-06
sub-003,30,4.679962185701968e-08
sub-003,31,3.598597577424593e-07
sub-003,32,1.1396797098518306e-06
sub-003,33,4.749475798486771e-07
sub-003,34,0.3995596239691086
sub-003,35,0.0026828761405273123
sub-003,36,9.224850326886677e-06
sub-003,37,0.02026053353969024
sub-003,38,0.014393349575473311
sub-003,39,0.7024504137692574
sub-003,40,0.721665386365159
sub-003,41,0.331509237030694
sub-003,42,0.0064764807784573495
sub-003,43,0.5452699780679138
sub-003,44,0.003840624368647962
sub-003,45,0.28997295597866407
sub-003,46,0.00012393070135678034
sub-003,47,0.9181138014350969
sub-003,48,0.005460014964116894
sub-003,49,0.004524988482700053
sub-003,50,0.010933221880655156
sub-003,51,0.058202159242003754
sub-003,52,0.0662082447633327
sub-003,53,0.007354394413082134
sub-003,54,0.02519498843359933
sub-003,55,0.022300706012575187
sub-003,56,0.00880969475176726
sub-003,57,0.004424524668654534
sub-003,58,1.3058649058135845e-05
sub-003,59,0.013750975458986979
sub-003,60,0.006044917146634579
sub-003,61,0.13219290416423218
sub-003,62,0.6073664209817989
sub-003,63,0.9744848014022288
sub-003,64,3.651076489561348e-07
sub-003,65,0.016785106025590274
sub-003,66,0.12442743174605504
sub-003,67,0.20427769617416636
sub-004,0,5.4436107295769e-07
sub-004,1,0.0013600981229651603
sub-004,2,7.560906537757219e-07
sub-004,3,0.014078722933323327
sub-004,4,4.970388637435352e-09
sub-004,5,1.2555784414315139e-06
sub-004,6,3.481230215664679e-07
sub-004,7,0.00038454124414982386
sub-004,8,0.11932507264304984
sub-004,9,8.702498468100636e-07
sub-004,10,1.1496925207160911e-06
sub-004,11,0.001017548324658043
sub-004,12,0.0003143100689323737
sub-004,13,1.1957940996335874e-06
sub-004,14,3.676249847562856e-06
sub-004,15,0.6514085489419036
sub-004,16,6.146448687330666e-05
sub-004,17,0.00013623215746460127
sub-004,18,2.877840585163782e-05
sub-004,19,0.00129915726813308
sub-004,20,9.429634072872859e-05
sub-004,21,0.01728353943988999
sub-004,22,0.002539499445575053
sub-004,23,0.7839836768660251
sub-004,24,0.011004072322115876
sub-004,25,0.000871495016421456
sub-004,26,0.003557857221450854
sub-004,27,0.02620142326768375
sub-004,28,5.358257657282298e-06
sub-004,29,1.4031489037522584e-06
sub-004,30,1.2014219351417947e-06
sub-004,31,5.994532433685495e-08
sub-004,32,2.322554173967536e-08
sub-004,33,5.818898027492215e-05
sub-004,34,2.878655711625345e-06
sub-004,35,2.608375076942317e-05
sub-004,36,0.00018623468108154196
sub-004,37,0.024398019229333868
sub-004,38,0.002136735596247637
sub-004,39,0.16392904277721004
sub-004,40,0.002987181092371905
sub-004,41,0.09921176109361775
sub-004,42,0.00604770206631124
sub-004,43,0.125625040991578
sub-004,44,0.0007189589539305722
sub-004,45,0.6712238243271575
sub-004,46,7.153581261199534e-05
sub-004,47,0.00031031098679563853
sub-004,48,0.012087908581223461
sub-004,49,0.727174258936643
sub-004,50,5.8905801398709586e-05
sub-004,51,0.003542394770305213
sub-004,52,0.00023161831871954729
sub-004,53,0.005635207583973999
sub-004,54,0.08039868005418065
sub-004,55,0.028465127917458123
sub-004,56,0.021758430931678344
sub-004,57,0.0706687100489745
sub-004,58,0.0003476964881312635
sub-004,59,0.0008932012022502244
sub-004,60,0.07223478953698015
sub-004,61,0.050467371286868776
sub-004,62,0.057911781119236776
sub-004,63,0.06078277713677397
sub-004,64,0.0004979822107349166
sub-004,65,0.006535916699513283
sub-004,66,0.0010846716647722795
sub-004,67,0.9204999046689676
sub-009,0,7.870273229041661e-05
sub-009,1,1.8862015854152065e-07
sub-009,2,0.0008124536634111047
sub-009,3,0.005849984915627569
sub-009,4,0.0011947921569735109
sub-009,5,0.04495978098569724
sub-009,6,0.005177687979471319
sub-009,7,0.0038387663045833793
sub-009,8,0.0018543840536876586
sub-009,9,0.011788890509593355
sub-009,10,0.0004892917769382263
sub-009,11,0.11113531513603823
sub-009,12,0.0008111313525651373
sub-009,13,0.00345125106357318
sub-009,14,9.405827999713186e-05
sub-009,15,0.0005512531962783275
sub-009,16,0.003505436217542063
sub-009,17,1.1855210895686564e-05
sub-009,18,0.0004948600702689322
sub-009,19,0.01811132275440591
sub-009,20,0.0007953032163118736
sub-009,21,0.018075289693366907
sub-009,22,0.007958486554645237
sub-009,23,0.005495232994926749
sub-009,24,1.6369330963970838e-05
sub-009,25,8.582037750489047e-05
sub-009,26,0.07530007466420101
sub-009,27,0.07283283804941139
sub-009,28,0.00042929230591934005
sub-009,29,0.07374587169940838
sub-009,30,1.887909139134175e-07
sub-009,31,5.428359252793296e-06
sub-009,32,1.915007412307982e-05
sub-009,33,0.16480694818668445
sub-009,34,1.1738449040264663e-06
sub-009,35,0.0002954435338577742
sub-009,36,0.0024224212766752566
sub-009,37,0.27068670900078234
sub-009,38,7.003672023311739e-07
sub-009,39,0.005623586625908115
sub-009,40,0.019694401276521598
sub-009,41,0.007058201641322914
sub-009,42,0.012623826231500677
sub-009,43,0.08292217571867988
sub-009,44,0.006870729240211918
sub-009,45,0.9633888856706296
sub-009,46,4.041487515037377e-05
sub-009,47,0.046607968089184756
sub-009,48,0.0001037218612233704
sub-009,49,0.005591194500605853
sub-009,50,0.0011834541673746758
sub-009,51,6.163378675295772e-06
sub-009,52,0.00014234934333267222
sub-009,53,0.36562409723891676
sub-009,54,0.0006458170773481471
sub-009,55,0.0001354448534606632
sub-009,56,0.30851366041212597
sub-009,57,0.013757733882469056
sub-009,58,0.00019866026146065434
sub-009,59,0.002342603363409415
sub-009,60,0.0009209077706191735
sub-009,61,0.15651630277942763
sub-009,62,0.0027948803970878617
sub-009,63,1.9351743629251206e-05
sub-009,64,0.00306603341071512
sub-009,65,0.0033812690354403114
sub-009,66,9.647213494874995e-07
sub-009,67,0.09685941825198584
sub-016,0,0.281051213674895
sub-016,1,0.00924715007911509
sub-016,2,7.428889664299793e-07
sub-016,3,0.05974082761367811
sub-016,4,3.644532986272209e-06
sub-016,5,0.012474442188950066
sub-016,6,0.18289678974168358
sub-016,7,0.003820862614489583
sub-016,8,0.7678111038841795
sub-016,9,0.0037158976346255835
sub-016,10,0.001461924272164534
sub-016,11,0.035022161458925415
sub-016,12,6.327542310475673e-06
sub-016,13,0.06729254826854289
sub-016,14,0.00011513757852807979
sub-016,15,1.777814128431586e-05
sub-016,16,5.588536704556715e-06
sub-016,17,2.3863797654017874e-06
sub-016,18,2.7478147740442188e-05
sub-016,19,0.02254536834798067
sub-016,20,7.398326820653954e-05
sub-016,21,0.017036511515886022
sub-016,22,6.8421289583463e-06
sub-016,23,0.002327136136947767
sub-016,24,0.00018058132497355422
sub-016,25,2.788616397110676e-05
sub-016,26,0.0040556133966052135
sub-016,27,0.011705846008248292
sub-016,28,0.08446099604367188
sub-016,29,0.0017597897785923053
sub-016,30,2.534775305740761e-08
sub-016,31,3.174178965238436e-05
sub-016,32,1.4251900539121333e-05
sub-016,33,0.0007985812064616073
sub-016,34,0.018225522490332827
sub-016,35,0.4042787754370706
sub-016,36,4.804600389922895e-06
sub-016,37,0.5333730330174272
sub-016,38,0.0024739491129003037
sub-016,39,0.02456889992058683
sub-016,40,0.011557738072730776
sub-016,41,0.0017650685300924238
sub-016,42,0.48432888125843176
sub-016,43,0.0077433173363380715
sub-016,44,7.022176947588727e-06
sub-016,45,0.11553392566990157
sub-016,46,1.568348569707362e-06
sub-016,47,0.003646539844602193
sub-016,48,0.2930520412378847
sub-016,49,1.7839342465031593e-05
sub-016,50,0.0006168133942752103
sub-016,51,1.9669643086997086e-06
sub-016,52,3.0821413948745426e-06
sub-016,53,0.3037176134715822
sub-016,54,0.0021335009080746866
sub-016,55,0.04181304364315016
sub-016,56,1.5626547882872685e-05
sub-016,57,0.14265758195420292
sub-016,58,0.000635388410980209
sub-016,59,8.768401755998512e-05
sub-016,60,0.003998737928124067
sub-016,61,0.9738081798345946
sub-016,62,0.0035445809017989917
sub-016,63,0.0032991199246578617
sub-016,64,2.675362338280835e-07
sub-016,65,0.002722355198336377
sub-016,66,0.00011589749954324105
sub-016,67,0.02382626138316903
sub-020,0,4.376406484221421e-05
sub-020,1,0.0021821497078408063
sub-020,2,0.0007292007462454199
sub-020,3,0.00010024747192348676
sub-020,4,1.1398167532405417e-05
sub-020,5,4.174061561209052e-05
sub-020,6,0.00013062892834213286
sub-020,7,1.7919014022495444e-05
sub-020,8,0.8745560233141412
sub-020,9,2.0565165404208237e-06
sub-020,10,9.558166592665451e-05
sub-020,11,0.024613403677916503
sub-020,12,0.004731764372999729
sub-020,13,0.05303470836817425
sub-020,14,0.0006651509193515312
sub-020,15,0.2109672136887993
sub-020,16,0.0006358704589024937
sub-020,17,4.483063417643582e-05
sub-020,18,0.0006193300460084747
sub-020,19,0.00755206934475952
sub-020,20,1.2454519202425654e-05
sub-020,21,0.8355633198441018
sub-020,22,1.5912736599442624e-05
sub-020,23,0.43273042214937985
sub-020,24,0.000203807236165428
sub-020,25,0.0003135192781864054
sub-020,26,0.2567342494945021
sub-020,27,0.032491751074784005
sub-020,28,1.6877201405305342e-06
sub-020,29,0.0015777534530440633
sub-020,30,1.5112759552516727e-05
sub-020,31,2.0759459233606403e-05
sub-020,32,3.9637363132849115e-05
sub-020,33,0.06130114306592808
sub-020,34,2.005381094167077e-06
sub-020,35,0.35105528020052446
sub-020,36,0.0009417862966397697
sub-020,37,0.03365727440898217
sub-020,38,0.01495790665937127
sub-020,39,0.03157038748684982
sub-020,40,0.011469012816004254
sub-020,41,0.0050733223833757555
sub-020,42,0.29302684908798743
sub-020,43,0.0024992342938577657
sub-020,44,0.0020843920146880438
sub-020,45,0.08014060701171796
sub-020,46,0.0008918521156413116
sub-020,47,7.700287632574437e-05
sub-020,48,0.3557516020778773
sub-020,49,0.1111696805003992
sub-020,50,0.2749285642766321
sub-020,51,9.593783489679647e-06
sub-020,52,0.036304270429840975
sub-020,53,0.0042407525516694215
sub-020,54,0.009893072350004325
sub-020,55,0.3908562646461971
sub-020,56,0.013428313564627503
sub-020,57,0.9772841306810874
sub-020,58,4.014138369522871e-05
sub-020,59,0.2248495160344833
sub-020,60,0.12021054209339672
sub-020,61,0.006880111390493412
sub-020,62,7.419249889384771e-05
sub-020,63,0.0006288431031003344
sub-020,64,5.603868801941147e-06
sub-020,65,0.00013342606954375657
sub-020,66,1.3306167602138407e-06
sub-020,67,0.05189836858556277
sub-022,0,0.005763524303367662
sub-022,1,0.0002396170034686442
sub-022,2,5.661680741897445e-06
sub-022,3,0.9714878111403
sub-022,4,0.0046672816241986005
sub-022,5,0.7876297767930891
sub-022,6,0.03745830149142733
sub-022,7,0.003151106077868598
sub-022,8,0.7109634392121041
sub-022,9,0.20516370278955198
sub-022,10,6.137266391661333e-06
sub-022,11,0.6501708987941776
sub-022,12,4.331913625168603e-06
sub-022,13,0.0060570476621401356
sub-022,14,0.9599365638295109
sub-022,15,0.0023181003348278825
sub-022,16,2.7643496076755544e-05
sub-022,17,1.1571874760787811e-05
sub-022,18,1.1175746325813425e-07
sub-022,19,0.38347458173861665
sub-022,20,0.05952670407544983
sub-022,21,0.0029941683181707477
sub-022,22,0.0002674770199976955
sub-022,23,0.24553742140920998
sub-022,24,4.331437112643444e-05
sub-022,25,0.00017934763982515808
sub-022,26,0.00010128346548997371
sub-022,27,0.4654184440222654
sub-022,28,0.01070895609350902
sub-022,29,0.00044332667114853444
sub-022,30,1.1628128063203629e-06
sub-022,31,0.00021193336796136107
sub-022,32,4.869978430494804e-05
sub-022,33,0.027744665736347634
sub-022,34,7.316104822629444e-08
sub-022,35,0.001932381452506318
sub-022,36,3.333293846856103e-05
sub-022,37,0.1429846543741645
sub-022,38,0.00021323458400216165
sub-022,39,1.8251239923654642e-05
sub-022,40,3.79484038647113e-07
sub-022,41,8.294918613003195e-06
sub-022,42,0.8352836244611435
sub-022,43,9.612931613324258e-05
sub-022,44,9.097036481853914e-06
sub-022,45,0.09136061106065002
sub-022,46,1.634311409777695e-07
sub-022,47,9.615834832928586e-08
sub-022,48,0.00014169264316383386
sub-022,49,8.56860178695259e-05
sub-022,50,1.1102395368625744e-07
sub-022,51,6.813745728699851e-07
sub-022,52,1.6170668506568266e-06
sub-022,53,0.009339447147866461
sub-022,54,0.0016378580768546512
sub-022,55,0.0016627757355333452
sub-022,56,8.306930447256501e-05
sub-022,57,0.02645777024610787
sub-022,58,2.928856492198579e-05
sub-022,59,6.241086604928028e-06
sub-022,60,2.8167248805860073e-05
sub-022,61,0.05052926855200854
sub-022,62,4.520334386176706e-06
sub-022,63,0.00014795664647583194
sub-022,64,8.138747289557778e-09
sub-022,65,5.250977050202789e-07
sub-022,66,3.151258632040609e-07
sub-022,67,0.000649719367920543
sub-027,0,7.98312151833958e-06
sub-027,1,4.94291839752812e-06
sub-027,2,0.0002238819966597941
sub-027,3,0.0006468861984321928
sub-027,4,9.931354252115802e-05
sub-027,5,0.02107996830796978
sub-027,6,0.00032318813579919087
sub-027,7,0.00026463616429739264
sub-027,8,0.00418599609549545
sub-027,9,2.0429500651625822e-05
sub-027,10,0.0047534559273125845
sub-027,11,2.0718363600684734e-05
sub-027,12,0.006667863251728266
sub-027,13,7.472006721652427e-05
sub-027,14,0.0010797878759891556
sub-027,15,4.9885382344751563e-05
sub-027,16,0.09700388763904999
sub-027,17,0.008223261675654335
sub-027,18,0.0008716432429391023
sub-027,19,8.888810638531319e-05
sub-027,20,0.008624776197872577
sub-027,21,0.0005880371611226837
sub-027,22,1.1936459371385756e-05
sub-027,23,0.0014077693142134093
sub-027,24,0.0004574903130000331
sub-027,25,0.06785541837756341
sub-027,26,0.009701595080759955
sub-027,27,0.0028392442018149514
sub-027,28,0.02526906195096795
sub-027,29,0.030846136212243077
sub-027,30,0.005959020949360339
sub-027,31,0.00010897280913539749
sub-027,32,0.014501835950616177
sub-027,33,0.0006233617477970879
sub-027,34,4.252877782206687e-05
sub-027,35,0.10707213872197914
sub-027,36,0.058436825137180355
sub-027,37,0.02611569263177608
sub-027,38,0.0007822589434904382
sub-027,39,0.00023230357747875977
sub-027,40,0.18520733132350212
sub-027,41,0.0003221561584571267
sub-027,42,0.0012791623860200219
sub-027,43,0.0027468620161411107
sub-027,44,0.18774636300419395
sub-027,45,0.11262883820655292
sub-027,46,0.00213021231222539
sub-027,47,0.024631997179864414
sub-027,48,0.005877845909658563
sub-027,49,0.0004765311952455189
sub-027,50,0.054637275612443935
sub-027,51,0.422041197019591
sub-027,52,0.2808500814910874
sub-027,53,0.016216461352427925
sub-027,54,0.05248289668002927
sub-027,55,0.0001207018578407615
sub-027,56,0.012362482121568296
sub-027,57,0.24898043692595576
sub-027,58,0.005424360212948519
sub-027,59,0.4032499433297925
sub-027,60,0.0015637532075271007
sub-027,61,0.012011736308067367
sub-027,62,0.007363090741443212
sub-027,63,0.025836581567453797
sub-027,64,0.020540753560490115
sub-027,65,0.00539980690352346
sub-027,66,1.6629549161595795e-05
sub-027,67,0.013048790693137772
sub-048,0,1.6898092165928992e-05
sub-048,1,2.132777130673818e-05
sub-048,2,0.08532589405218544
sub-048,3,0.00016671109717549708
sub-048,4,3.7563366908924117e-07
sub-048,5,5.063265603119245e-05
sub-048,6,0.0001082264921401679
sub-048,7,6.976766315722012e-07
sub-048,8,0.019386875091678486
sub-048,9,2.6606532407185883e-05
sub-048,10,0.04323401362071686
sub-048,11,3.716627900138027e-05
sub-048,12,0.00012306538767742234
sub-048,13,9.481105686835276e-05
sub-048,14,1.8780076460395832e-05
sub-048,15,0.09402509341668668
sub-048,16,0.015757154974157316
sub-048,17,7.638074079904658e-06
sub-048,18,0.0007805644171006808
sub-048,19,2.698090797315703e-07
sub-048,20,0.03129442174552482
sub-048,21,5.776232311592739e-06
sub-048,22,0.9172717506105644
sub-048,23,0.009309309906940583
sub-048,24,0.00011723521236387915
sub-048,25,0.5241825777198665
sub-048,26,0.161760699521138
sub-048,27,0.003955166171092119
sub-048,28,3.89391692233219e-06
sub-048,29,0.011590993018310828
sub-048,30,0.0016674090600930893
sub-048,31,5.964810268702915e-07
sub-048,32,0.0004135362433887152
sub-048,33,0.0024448953687876457
sub-048,34,2.4125345548758142e-06
sub-048,35,0.006088932386884137
sub-048,36,0.5273584631209478
sub-048,37,0.0004546337837926284
sub-048,38,0.0030685502960075025
sub-048,39,0.0012491250099064912
sub-048,40,0.31433139770509255
sub-048,41,0.0037733717539219524
sub-048,42,0.00028604353169886217
sub-048,43,0.00045039515563423865
sub-048,44,0.00842239168720439
sub-048,45,6.843779384622687e-05
sub-048,46,0.0003935904578042728
sub-048,47,0.003433526739090718
sub-048,48,0.00026986688901327137
sub-048,49,0.04642919297227475
sub-048,50,0.11128235282920809
sub-048,51,0.0014268097940230797
sub-048,52,0.07839955510041478
sub-048,53,0.0011343809954961542
sub-048,54,0.7243490632886638
sub-048,55,0.011927209183546733
sub-048,56,0.9463189336250988
sub-048,57,0.026313147160102707
sub-048,58,0.0011157098777126633
sub-048,59,0.857455810022999
sub-048,60,0.45612790477351955
sub-048,61,0.11875156455053094
sub-048,62,4.678464980404488e-05
sub-048,63,0.0015064537271171797
sub-048,64,0.0005090376480343351
sub-048,65,0.004047271611411435
sub-048,66,1.46415064740786e-05
sub-048,67,0.7156407224777974
sub-055,0,0.633876395411512
sub-055,1,3.461789378798631e-05
sub-055,2,0.0012461152785084317
sub-055,3,0.0005268388408852062
sub-055,4,0.0023525314170577756
sub-055,5,0.026498672908931743
sub-055,6,0.25636517796299046
sub-055,7,0.27593569669264895
sub-055,8,0.00023368040472850676
sub-055,9,0.08575308945280113
sub-055,10,2.991447074151694e-06
sub-055,11,0.2723791386420398
sub-055,12,2.3904675671824006e-05
sub-055,13,0.016498857490575898
sub-055,14,0.006789738292484533
sub-055,15,0.0009373233060257459
sub-055,16,0.003869686345545295
sub-055,17,4.313459397187877e-05
sub-055,18,0.00015082514809940605
sub-055,19,0.002514743796149102
sub-055,20,0.042031653089921246
sub-055,21,0.0007561619695365544
sub-055,22,0.01327849395400318
sub-055,23,0.0013958293409422758
sub-055,24,1.1780090448828192e-05
sub-055,25,6.867405985907659e-06
sub-055,26,0.00017309245842223205
sub-055,27,0.08239624145030905
sub-055,28,0.3571977362123452
sub-055,29,0.05504144647719693
sub-055,30,1.5602083178607743e-07
sub-055,31,0.00039999607587050477
sub-055,32,0.002755982651231833
sub-055,33,0.0027953016180116363
sub-055,34,0.019490453742939114
sub-055,35,0.01613814660000216
sub-055,36,3.7261340682889256e-05
sub-055,37,0.09190775793360806
sub-055,38,0.0003313004747505331
sub-055,39,5.818818111273266e-05
sub-055,40,0.012943198191841324
sub-055,41,0.03587949779923568
sub-055,42,0.14324193279885375
sub-055,43,0.005586247537289408
sub-055,44,0.0005039288836459212
sub-055,45,0.0007206540565461106
sub-055,46,0.0005061424095680239
sub-055,47,0.02050058221580491
sub-055,48,0.00034469025005046876
sub-055,49,0.02606184824220245
sub-055,50,0.0006223996063865565
sub-055,51,0.201928796025895
sub-055,52,0.0007531194341379176
sub-055,53,0.007770734419594137
sub-055,54,0.0019125208919637817
sub-055,55,0.0013435777280337285
sub-055,56,0.0006550037093685807
sub-055,57,0.001353495417222166
sub-055,58,2.4836500975727916e-05
sub-055,59,5.933475344833404e-05
sub-055,60,7.537957853500331e-05
sub-055,61,0.006131592707959681
sub-055,62,0.8457634929312564
sub-055,63,0.33145040346980736
sub-055,64,2.896499797383114e-05
sub-055,65,0.00017448726799020292
sub-055,66,0.05548681297308317
sub-055,67,0.010254639096680866
sub-057,0,3.467905818905666e-05
sub-057,1,0.033538806250566766
sub-057,2,0.0002378958112156674
sub-057,3,0.2921492307522552
sub-057,4,0.1780814743566612
sub-057,5,0.0517698864661579
sub-057,6,2.3736802598349798e-05
sub-057,7,0.03926865656826744
sub-057,8,0.4632005246336343
sub-057,9,0.016229783047901514
sub-057,10,4.4116827541483366e-07
sub-057,11,0.07207032029739029
sub-057,12,0.0008682977683918217
sub-057,13,0.0002681465751562053
sub-057,14,0.01687767355419143
sub-057,15,0.0009511886780033977
sub-057,16,5.7088331279113814e-05
sub-057,17,7.809074163560115e-07
sub-057,18,7.7658511127338e-06
sub-057,19,0.3588423063387313
sub-057,20,0.00013721124914389086
sub-057,21,0.8218268037977619
sub-057,22,3.976599193430914e-06
sub-057,23,0.9704991490345976
sub-057,24,0.08024821828878773
sub-057,25,0.00022646733249541266
sub-057,26,1.839835955150878e-05
sub-057,27,0.09469623218532937
sub-057,28,0.003109775716543929
sub-057,29,2.31649257635536e-05
sub-057,30,4.5951096882183317e-07
sub-057,31,0.0001897811008403683
sub-057,32,4.2949821245509495e-06
sub-057,33,0.05752628139888252
sub-057,34,2.7823165959324618e-08
sub-057,35,0.005998850732586134
sub-057,36,2.7863318608694007e-05
sub-057,37,0.7969910747078378
sub-057,38,1.5570887118217428e-06
sub-057,39,0.00026730549603709314
sub-057,40,8.599685090432761e-05
sub-057,41,5.7448656947054607e-05
sub-057,42,0.01334025757038867
sub-057,43,0.0020157557646267657
sub-057,44,5.406703847129197e-07
sub-057,45,0.0016153291292085306
sub-057,46,7.388352840796544e-05
sub-057,47,0.00011135025266077545
sub-057,48,0.00038358996078467013
sub-057,49,0.01027510818276877
sub-057,50,0.0003938997753448652
sub-057,51,4.135440073823576e-07
sub-057,52,1.0980453250595395e-06
sub-057,53,0.06371653540531191
sub-057,54,0.0002881470153682637
sub-057,55,0.0019429406839933734
sub-057,56,0.0004842469095963023
sub-057,57,0.1233008987265263
sub-057,58,1.5625042020425611e-06
sub-057,59,1.3992417497680037e-06
sub-057,60,0.005626941197981975
sub-057,61,0.12727231259241029
sub-057,62,1.6533782592510112e-05
sub-057,63,0.008246346685768706
sub-057,64,2.4720379493606557e-06
sub-057,65,1.2730849229627566e-06
sub-057,66,3.561392046228509e-06
sub-057,67,0.00044084436181980586
sub-061,0,0.010743058612078294
sub-061,1,1.3185633695442627e-05
sub-061,2,0.022640403434173766
sub-061,3,0.030235351087425016
sub-061,4,1.2072606781034006e-07
sub-061,5,0.000318337456545358
sub-061,6,0.01266685225060436
sub-061,7,0.06840901722041771
sub-061,8,0.02315697050464829
sub-061,9,0.0004601689796617859
sub-061,10,0.0002514433539197483
sub-061,11,1.2346444231789466e-06
sub-061,12,9.12182977796611e-08
sub-061,13,1.1887173721296377e-07
sub-061,14,0.01822471791231939
sub-061,15,0.018995494809791853
sub-061,16,6.949671066773791e-08
sub-061,17,9.902962809649903e-07
sub-061,18,7.99475768861027e-06
sub-061,19,1.0818949515665386e-06
sub-061,20,0.011355738189569281
sub-061,21,0.2817922142759902
sub-061,22,0.27945615792570466
sub-061,23,0.12950031246217727
sub-061,24,3.9013081514785884e-08
sub-061,25,8.15379101164349e-06
sub-061,26,0.06448798507557447
sub-061,27,0.01173563220826574
sub-061,28,0.00019347518018981744
sub-061,29,3.129021149539098e-05
sub-061,30,1.9493129086109038e-05
sub-061,31,8.513120997184103e-07
sub-061,32,0.00031595481143384033
sub-061,33,4.289977842636335e-06
sub-061,34,5.767908875053176e-07
sub-061,35,0.0002150829849824586
sub-061,36,0.0003508776186084449
sub-061,37,0.0008259598292583588
sub-061,38,5.24559860721631e-06
sub-061,39,8.512082162260554e-06
sub-061,40,0.00047075737996202574
sub-061,41,0.0037254645711767573
sub-061,42,0.0146016588893352
sub-061,43,5.6488772728772474e-05
sub-061,44,0.00036574788354355866
sub-061,45,0.022826093272986778
sub-061,46,1.371853211197992e-07
sub-061,47,6.168312841837607e-05
sub-061,48,1.095851187176705e-05
sub-061,49,0.9206616781487441
sub-061,50,0.017010523452788414
sub-061,51,1.4735559134293199e-05
sub-061,52,0.0007349582165032446
sub-061,53,3.99249014943787e-05
sub-061,54,0.028697712439829406
sub-061,55,0.02846430569722197
sub-061,56,0.22087656513656473
sub-061,57,0.005278489984789013
sub-061,58,0.0006438146102998812
sub-061,59,0.0005476138042919574
sub-061,60,0.005523469877486754
sub-061,61,0.7544058537244858
sub-061,62,3.875769984635787e-05
sub-061,63,0.22908629081714402
sub-061,64,2.2248771012256143e-08
sub-061,65,0.007599607434073647
sub-061,66,0.018338884642277363
sub-061,67,9.442236057770678e-05
sub-066,0,0.006396557960828511
sub-066,1,0.4408103470227213
sub-066,2,0.00018870366180241989
sub-066,3,0.019703702781194578
sub-066,4,0.00984849371761294
sub-066,5,0.10053820955370159
sub-066,6,0.007215035424986898
sub-066,7,0.016063109060765746
sub-066,8,0.15943538689492734
sub-066,9,0.32584635548043267
sub-066,10,0.032455475536200935
sub-066,11,0.11198473503954333
sub-066,12,0.7027514057998862
sub-066,13,0.07445211008809907
sub-066,14,0.04445776576700842
sub-066,15,0.0004052577561857218
sub-066,16,0.04218882746760145
sub-066,17,0.21325621292086439
sub-066,18,0.10505504138170534
sub-066,19,0.8169070070518037
sub-066,20,0.012393188531112998
sub-066,21,0.6372775472156835
sub-066,22,0.08222866598319258
sub-066,23,0.10792919587163251
sub-066,24,0.0010137138958114479
sub-066,25,0.015059603801272263
sub-066,26,0.01482695564399378
sub-066,27,0.1047815221909271
sub-066,28,0.1979155932644244
sub-066,29,0.0012902148122998444
sub-066,30,4.600947909421948e-06
sub-066,31,0.06481187380262991
sub-066,32,0.7471826200262784
sub-066,33,0.2496703660280042
sub-066,34,3.839885550180322e-07
sub-066,35,0.001776810707906613
sub-066,36,1.776602858548827e-05
sub-066,37,1.7105422553733214e-05
sub-066,38,6.988018761453094e-07
sub-066,39,7.823865968734847e-06
sub-066,40,0.0001731368575365084
sub-066,41,0.0006317904997419498
sub-066,42,0.0007199112152280682
sub-066,43,0.00013002197772030196
sub-066,44,0.00013445588738894467
sub-066,45,0.0007548620261994269
sub-066,46,0.00217924843804645
sub-066,47,0.006139930876761434
sub-066,48,0.0016102845834159443
sub-066,49,6.547082691513471e-05
sub-066,50,1.7865700136034419e-06
sub-066,51,2.297131276776815e-06
sub-066,52,1.6651985322139179e-06
sub-066,53,0.005129553109576697
sub-066,54,6.356672090208653e-05
sub-066,55,0.0010868847577192135
sub-066,56,0.00038690754901830974
sub-066,57,0.003749313857165117
sub-066,58,0.00010072326924734415
sub-066,59,4.0200821909468986e-05
sub-066,60,0.00020549934925191755
sub-066,61,0.016662803453200346
sub-066,62,8.989040364794631e-06
sub-066,63,5.352244374001771e-06
sub-066,64,0.00010563724393873119
sub-066,65,1.6550432872314604e-07
sub-066,66,1.548957203896714e-07
sub-066,67,0.0001487357387917107
sub-069,0,7.166986643870143e-05
sub-069,1,0.03907197937148705
sub-069,2,0.027860126507226177
sub-069,3,0.005851298770473983
sub-069,4,0.0073743514389148015
sub-069,5,0.06439685114444418
sub-069,6,0.46424207810774337
sub-069,7,0.35491470395609026
sub-069,8,0.6330076588012169
sub-069,9,0.005639446235098939
sub-069,10,0.6364142339907218
sub-069,11,0.8312036543303958
sub-069,12,0.04828377524050143
sub-069,13,0.24840991466067747
sub-069,14,0.4333747554514558
sub-069,15,0.0006299929592123851
sub-069,16,0.03987887410376294
sub-069,17,0.0009459634425640852
sub-069,18,0.03408616280583035
sub-069,19,0.01563710818462308
sub-069,20,0.027446008100191814
sub-069,21,0.0008455624502352064
sub-069,22,0.22617808618909443
sub-069,23,0.16754170716999808
sub-069,24,0.0008045079824392696
sub-069,25,0.07279874109523647
sub-069,26,0.07640965623118764
sub-069,27,0.17124816857898514
sub-069,28,0.09790249965026399
sub-069,29,0.08031396413990871
sub-069,30,0.00027081781894077063
sub-069,31,0.0005365880570230942
sub-069,32,0.028889593853724287
sub-069,33,0.029949118726721236
sub-069,34,7.878105418904108e-08
sub-069,35,0.00011782847860037097
sub-069,36,0.0008471084832627726
sub-069,37,1.0886875862317127e-05
sub-069,38,1.491605303839901e-06
sub-069,39,0.0023131985690566627
sub-069,40,0.0010489850670500163
sub-069,41,0.0023533328900133266
sub-069,42,0.023897520741402663
sub-069,43,2.214456209364696e-05
sub-069,44,0.034277463168099154
sub-069,45,0.001451888912667044
sub-069,46,3.018601989305633e-05
sub-069,47,9.591330166931122e-05
sub-069,48,0.00011667300458780046
sub-069,49,6.675438050799362e-05
sub-069,50,0.028848866049364458
sub-069,51,0.002225146717530496
sub-069,52,0.0013004571181259757
sub-069,53,0.00011008031590788652
sub-069,54,0.00018012561865493932
sub-069,55,1.1833496798593769e-05
sub-069,56,0.002758253442638945
sub-069,57,0.0201285345083722
sub-069,58,8.044531204330838e-05
sub-069,59,0.6098108911120662
sub-069,60,0.02448920710731001
sub-069,61,0.013123773896036195
sub-069,62,9.97921405575071e-07
sub-069,63,8.34406326504667e-06
sub-069,64,7.269208212989617e-05
sub-069,65,2.1145748173088917e-05
sub-069,66,2.5049722386904798e-08
sub-069,67,0.00011910361911089824
sub-076,0,8.618808574222413e-09
sub-076,1,8.01945862568411e-05
sub-076,2,0.004422953955982381
sub-076,3,1.3645881221941752e-05
sub-076,4,4.824138278338481e-08
sub-076,5,3.7568788748512733e-07
sub-076,6,9.43159374011259e-07
sub-076,7,2.2007630282768805e-05
sub-076,8,0.004377038022689595
sub-076,9,3.2557249040582434e-05
sub-076,10,0.0012408829432505922
sub-076,11,1.3309439987892551e-06
sub-076,12,0.01201724532994715
sub-076,13,3.510765076255318e-05
sub-076,14,0.000127767667675734
sub-076,15,2.597981104563077e-05
sub-076,16,4.097776974394928e-05
sub-076,17,0.0004971127561745253
sub-076,18,8.255252352288165e-05
sub-076,19,3.4385628383994156e-08
sub-076,20,3.798754264780419e-06
sub-076,21,3.2432904252134386e-06
sub-076,22,9.093385248103348e-05
sub-076,23,1.2080327191945508e-05
sub-076,24,0.0033575519235407047
sub-076,25,0.025949741954916623
sub-076,26,0.02409392397841192
sub-076,27,3.1100162977707776e-05
sub-076,28,1.564753750124977e-06
sub-076,29,8.198821244013366e-05
sub-076,30,0.0033290601180659737
sub-076,31,8.518176744175631e-05
sub-076,32,1.6862041687506445e-07
sub-076,33,5.776014762610058e-07
sub-076,34,0.029205860909439232
sub-076,35,0.003704913077871583
sub-076,36,0.001879873253135035
sub-076,37,6.885282019150257e-06
sub-076,38,3.4551324934321014e-06
sub-076,39,0.14427773446738343
sub-076,40,0.8133110175083451
sub-076,41,0.013025705983985395
sub-076,42,2.6364651946567475e-05
sub-076,43,0.06575348513115621
sub-076,44,0.22373066289014099
sub-076,45,0.0003657583356289318
sub-076,46,0.00039334911014871754
sub-076,47,0.09653994734755088
sub-076,48,3.4092887557992794e-06
sub-076,49,7.162013613660088e-05
sub-076,50,0.9378429795820663
sub-076,51,0.5608805774971156
sub-076,52,0.8657796148651904
sub-076,53,0.00022020476663455472
sub-076,54,0.04858165942380664
sub-076,55,0.0012591247055859732
sub-076,56,0.2604757320180379
sub-076,57,0.00023505770503113048
sub-076,58,1.0892008100448469e-05
sub-076,59,0.8855621839542379
sub-076,60,0.11536122314127598
sub-076,61,0.008991447873233131
sub-076,62,0.11228244293155709
sub-076,63,0.25670167922303944
sub-076,64,0.004022800612853496
sub-076,65,0.00027858891193632417
sub-076,66,7.339619199623627e-05
sub-076,67,0.15981923402796333
sub-079,0,2.360270784653533e-06
sub-079,1,0.0016441523340103746
sub-079,2,0.006723320147094493
sub-079,3,5.203371104066946e-05
sub-079,4,0.11870270557088294
sub-079,5,0.004163837556001487
sub-079,6,0.004299473453827887
sub-079,7,0.10469985456792072
sub-079,8,0.0010851401168881188
sub-079,9,0.0003742335803554679
sub-079,10,1.5304085490301248e-05
sub-079,11,0.0074364545420761465
sub-079,12,2.0195347857687038e-05
sub-079,13,0.001392458625418762
sub-079,14,0.16939411921099304
sub-079,15,0.09326600807368379
sub-079,16,0.2054952965043774
sub-079,17,5.143724852557589e-07
sub-079,18,1.5794183485086386e-05
sub-079,19,0.00038949834144895126
sub-079,20,0.6851710653677284
sub-079,21,0.02491723584803991
sub-079,22,0.22814317571727746
sub-079,23,0.21638118876382048
sub-079,24,6.356658066794364e-06
sub-079,25,0.00042756954126512336
sub-079,26,0.17174723860120245
sub-079,27,0.02161210699839442
sub-079,28,0.018411509455805997
sub-079,29,0.00011379034037299862
sub-079,30,3.3613214437305476e-06
sub-079,31,9.403568843792963e-06
sub-079,32,0.00019468570301945282
sub-079,33,0.01277323589504816
sub-079,34,0.0007975533617112221
sub-079,35,0.009501791904854373
sub-079,36,0.0556084063535934
sub-079,37,1.1573356950631851e-05
sub-079,38,0.00044883276204708573
sub-079,39,0.02352189841605502
sub-079,40,0.014368560908704954
sub-079,41,0.6172604879780523
sub-079,42,0.036138728975350115
sub-079,43,0.008116857566624617
sub-079,44,0.0015162132998373186
sub-079,45,0.0007859738644762606
sub-079,46,0.002344407199842237
sub-079,47,0.028369300383656072
sub-079,48,0.00014471775876986897
sub-079,49,0.0021983708624736496
sub-079,50,0.0007023227013935166
sub-079,51,0.00019150473745304587
sub-079,52,0.0009545618797100856
sub-079,53,3.234678175047135e-06
sub-079,54,0.009172378753270474
sub-079,55,0.8893343724757237
sub-079,56,0.2465413167268777
sub-079,57,0.012626058877337731
sub-079,58,1.190441995953552e-05
sub-079,59,0.03871770441071498
sub-079,60,0.006109132416112932
sub-079,61,0.8403449207927034
sub-079,62,0.2949998699074675
sub-079,63,0.010455609871687366
sub-079,64,1.8766727908640778e-07
sub-079,65,0.002025237897075724
sub-079,66,0.0016274379062484788
sub-079,67,0.013865550924453744
sub-081,0,0.0007657580339300965
sub-081,1,0.028778983213432523
sub-081,2,0.008777718424463628
sub-081,3,0.03875949690576535
sub-081,4,0.31679804299022324
sub-081,5,0.6456408606639601
sub-081,6,0.02149501861668718
sub-081,7,0.010148406658786913
sub-081,8,0.207742421294352
sub-081,9,0.2743645998356688
sub-081,10,0.24396219003360842
sub-081,11,0.016782672677471654
sub-081,12,0.03805041383716644
sub-081,13,0.1853491190844897
sub-081,14,0.7486565544641133
sub-081,15,5.249315701699486e-05
sub-081,16,0.004427597806605564
sub-081,17,0.4162169659894838
sub-081,18,0.008904720991411385
sub-081,19,0.16261698171129849
sub-081,20,0.001631167596679396
sub-081,21,0.022646368555285696
sub-081,22,0.03387208334107641
sub-081,23,0.23890784152644645
sub-081,24,0.046940929672151355
sub-081,25,0.25043782545267207
sub-081,26,0.084310764577335
sub-081,27,0.003053474854287586
sub-081,28,0.07932859508400714
sub-081,29,0.0006232334014937372
sub-081,30,0.005684442526885153
sub-081,31,0.0023162696338957186
sub-081,32,6.310174106711878e-05
sub-081,33,0.3699569300627309
sub-081,34,6.052757780807443e-06
sub-081,35,0.0005921064696908376
sub-081,36,0.005660310959394361
sub-081,37,5.508148334793699e-05
sub-081,38,3.088278014037901e-07
sub-081,39,2.9289821440808874e-07
sub-081,40,0.00030340929292823986
sub-081,41,2.6927809140853635e-05
sub-081,42,0.0062058821425593925
sub-081,43,0.00040078893278857133
sub-081,44,0.002038664104373048
sub-081,45,0.00016823815392350046
sub-081,46,0.003534979783251625
sub-081,47,3.225589042044774e-06
sub-081,48,6.304285054254677e-06
sub-081,49,0.00047823183637597897
sub-081,50,0.004106732715016217
sub-081,51,0.009372791265604355
sub-081,52,0.03971705056484667
sub-081,53,0.00020224428628007972
sub-081,54,0.01221611806413216
sub-081,55,0.00011968222918479759
sub-081,56,0.00028665871006448233
sub-081,57,3.542397866868252e-05
sub-081,58,0.0008640291947094529
sub-081,59,0.0007080634915885533
sub-081,60,0.005470702761371544
sub-081,61,5.141979738743019e-05
sub-081,62,4.987091881125996e-06
sub-081,63,0.0011300473356279932
sub-081,64,0.04704174146784652
sub-081,65,5.568315202433722e-05
sub-081,66,6.681678161716706e-06
sub-081,67,0.0007159887154931978
sub-083,0,1.3727098031677644e-07
sub-083,1,1.03554795768574e-05
sub-083,2,9.063604069727509e-05
sub-083,3,0.0023225225418462706
sub-083,4,1.1228791054726198e-05
sub-083,5,6.843219846737876e-05
sub-083,6,0.009892318455824901
sub-083,7,0.0004060588801684541
sub-083,8,0.00931976834396621
sub-083,9,8.728712701401554e-06
sub-083,10,2.3055681033815983e-05
sub-083,11,0.018391614340708917
sub-083,12,0.00010030235863286756
sub-083,13,5.656929008493166e-06
sub-083,14,1.0303225037642852e-05
sub-083,15,0.0009883822163737578
sub-083,16,0.047937191002361206
sub-083,17,7.219869261943966e-07
sub-083,18,2.156627359644779e-06
sub-083,19,0.03577509931491682
sub-083,20,0.2286161672078319
sub-083,21,0.0004936514853677108
sub-083,22,0.0032626793668628197
sub-083,23,0.021018442671808503
sub-083,24,6.35396590318207e-05
sub-083,25,7.000378958272466e-05
sub-083,26,0.0042349527065681245
sub-083,27,0.4512525712377534
sub-083,28,0.001040945038803984
sub-083,29,0.13697202428140082
sub-083,30,6.836676793959977e-06
sub-083,31,1.0342892365042086e-05
sub-083,32,4.533061702751356e-05
sub-083,33,0.0008478422614504855
sub-083,34,0.006427033811758394
sub-083,35,0.25953496808463933
sub-083,36,0.004069284270467218
sub-083,37,0.3683875382395243
sub-083,38,0.2698287053044654
sub-083,39,0.10699505122372971
sub-083,40,0.015285417312619846
sub-083,41,0.060387933493048745
sub-083,42,0.07529743523932096
sub-083,43,0.18899437579510409
sub-083,44,0.004395281571940332
sub-083,45,0.19173263521172124
sub-083,46,4.022305569281274e-05
sub-083,47,0.07030057391182729
sub-083,48,0.09123910223006328
sub-083,49,0.04954441828129696
sub-083,50,1.149747284454055e-05
sub-083,51,2.0540329660750246e-05
sub-083,52,0.00010689473648868545
sub-083,53,0.05135153563313043
sub-083,54,0.007911069790888247
sub-083,55,0.008195363712742954
sub-083,56,0.00010537464937671619
sub-083,57,0.941893951206301
sub-083,58,0.0007866894051240226
sub-083,59,0.001778754155927531
sub-083,60,0.0003816590835734596
sub-083,61,0.16883392919700127
sub-083,62,0.6409576537891388
sub-083,63,0.01275643504552996
sub-083,64,6.767866468364216e-07
sub-083,65,0.7249094668963935
sub-083,66,0.00013143605543182695
sub-083,67,0.10094192461775785
sub-084,0,0.0054011946828428515
sub-084,1,0.08375132202852233
sub-084,2,0.37092384734047706
sub-084,3,0.007018938117735694
sub-084,4,0.11047108501520847
sub-084,5,0.012504429957589581
sub-084,6,0.14564886756648318
sub-084,7,0.01156329867407675
sub-084,8,0.2228222394397254
sub-084,9,0.00021550178782176558
sub-084,10,0.22432449402652485
sub-084,11,0.04264044468949475
sub-084,12,0.05274806613070705
sub-084,13,0.010480493907085666
sub-084,14,0.21470641898338053
sub-084,15,0.005019058102298095
sub-084,16,0.4434753055716714
sub-084,17,0.05292641760178616
sub-084,18,0.16940042631605765
sub-084,19,0.1620661612195657
sub-084,20,0.0004468827302957932
sub-084,21,0.005097868491746929
sub-084,22,0.14068473671685172
sub-084,23,0.06775453024539295
sub-084,24,0.052328738887963286
sub-084,25,0.07857815689291747
sub-084,26,0.9881353087432672
sub-084,27,0.022887345565097427
sub-084,28,0.3719837861841237
sub-084,29,0.001605482939358412
sub-084,30,0.007845542144328442
sub-084,31,0.005553968765404504
sub-084,32,0.020503187565771856
sub-084,33,0.3157602076385165
sub-084,34,1.6466992570910596e-05
sub-084,35,0.0007537426641600212
sub-084,36,0.0024059599183135372
sub-084,37,0.4331661041919781
sub-084,38,0.00014014763647527014
sub-084,39,2.875873201086595e-05
sub-084,40,9.566863205171287e-07
sub-084,41,0.0002630871457998763
sub-084,42,0.0001175815730827841
sub-084,43,5.602808424714356e-05
sub-084,44,0.0033258028997426993
sub-084,45,0.00023521608327305846
sub-084,46,1.3929680895120052e-06
sub-084,47,9.96896759434104e-07
sub-084,48,0.0016245588435686075
sub-084,49,0.004308090587062476
sub-084,50,0.04535151414047806
sub-084,51,1.2599204355563993e-07
sub-084,52,0.00011364560441567024
sub-084,53,1.9999902801064825e-05
sub-084,54,2.6475362326223865e-06
sub-084,55,1.4962127393255004e-05
sub-084,56,0.0008217734253104474
sub-084,57,0.0026566623899321193
sub-084,58,7.403512011949508e-05
sub-084,59,0.0009260992477657356
sub-084,60,0.010753119095452979
sub-084,61,0.001207690071142204
sub-084,62,6.766140566998606e-07
sub-084,63,3.534135468705627e-06
sub-084,64,6.873026277158699e-05
sub-084,65,1.1577923470563642e-07
sub-084,66,4.194395706454867e-06
sub-084,67,0.0004256313933322119
sub-094,0,5.909197081447764e-07
sub-094,1,0.00022906231885250005
sub-094,2,2.059786251943866e-05
sub-094,3,0.008016486305515942
sub-094,4,0.0008795200168428888
sub-094,5,0.0008778822712823014
sub-094,6,0.00024140849207788132
sub-094,7,0.31543628430159015
sub-094,8,0.025204256356142186
sub-094,9,0.00046408150759006734
sub-094,10,4.895274477305671e-05
sub-094,11,0.07155681118805299
sub-094,12,0.08783206077630382
sub-094,13,0.00017955341623131904
sub-094,14,5.378075142310674e-05
sub-094,15,7.399642960542918e-05
sub-094,16,0.000135658869856695
sub-094,17,0.000170127179620204
sub-094,18,1.1655602714160699e-06
sub-094,19,0.0017328489239729172
sub-094,20,2.160768031460535e-05
sub-094,21,0.009141820122583244
sub-094,22,1.4270407439469747e-06
sub-094,23,0.5995500340316711
sub-094,24,1.1960981368820329e-06
sub-094,25,0.00012735937404387575
sub-094,26,0.003999311212190603
sub-094,27,0.0036555264512922125
sub-094,28,3.549572118139091e-05
sub-094,29,0.0003733843591330285
sub-094,30,7.034391868152461e-05
sub-094,31,0.022222432684163233
sub-094,32,1.3283830553914564e-07
sub-094,33,3.0121299190683847e-05
sub-094,34,0.0005431575312733451
sub-094,35,0.0022209424211017286
sub-094,36,0.0019857259775896293
sub-094,37,0.21548168389989444
sub-094,38,0.05360944926659235
sub-094,39,0.1890293768314361
sub-094,40,0.006303620437698848
sub-094,41,0.15403577426833004
sub-094,42,0.7309383053676466
sub-094,43,0.05220203711888493
sub-094,44,0.01703818216666196
sub-094,45,0.7725290485660835
sub-094,46,0.00808104695190287
sub-094,47,0.19428661908078992
sub-094,48,0.7981509395931005
sub-094,49,0.019131506666979502
sub-094,50,0.000291006266895204
sub-094,51,0.00012071946750902155
sub-094,52,0.0010389377502875079
sub-094,53,0.06173226004497438
sub-094,54,0.03380347777622171
sub-094,55,0.005589389693587449
sub-094,56,0.01250523442934602
sub-094,57,0.3289343016924424
sub-094,58,0.0001867123733731049
sub-094,59,0.005149995766379432
sub-094,60,0.012315638861569507
sub-094,61,0.8374057761492625
sub-094,62,0.4385558964813274
sub-094,63,0.13085718624481477
sub-094,64,0.0007985650193291833
sub-094,65,0.03947982489571309
sub-094,66,0.5814050758213984
sub-094,67,0.10352595465252963
sub-104,0,6.579075259295216e-06
sub-104,1,0.012881319138924655
sub-104,2,3.5977364636656117e-07
sub-104,3,0.05704407273350533
sub-104,4,0.03374841806311867
sub-104,5,0.0554257646762594
sub-104,6,0.09664662735055916
sub-104,7,0.0016759454557915658
sub-104,8,0.0011001054178018087
sub-104,9,0.06700760659968277
sub-104,10,0.010267092642180032
sub-104,11,0.020936644810886643
sub-104,12,0.5331470968198138
sub-104,13,0.006729465095229848
sub-104,14,0.009904422034241087
sub-104,15,0.0014123807925508743
sub-104,16,0.006120180250610626
sub-104,17,0.4828743925645934
sub-104,18,0.001574947580832207
sub-104,19,0.4733190794243953
sub-104,20,0.022402916340454798
sub-104,21,0.0031614907228152485
sub-104,22,2.1056230112572754e-05
sub-104,23,0.3187210527829636
sub-104,24,0.002738416471511643
sub-104,25,0.15382731184907497
sub-104,26,0.1369685508842031
sub-104,27,0.9409883949394144
sub-104,28,0.20897696164781726
sub-104,29,0.0770579428383381
sub-104,30,0.015433211516209282
sub-104,31,0.0015901386925508392
sub-104,32,0.025022004487876733
sub-104,33,0.059939034938427685
sub-104,34,8.705031475787632e-09
sub-104,35,0.028966930468733453
sub-104,36,2.654159626425035e-07
sub-104,37,0.002496388333831992
sub-104,38,8.949964148172011e-05
sub-104,39,6.279920998585053e-05
sub-104,40,5.062208149813472e-07
sub-104,41,0.00032081407144396754
sub-104,42,0.020939081431755976
sub-104,43,0.0005915813894546795
sub-104,44,1.7224917623023658e-05
sub-104,45,0.0058538206580945685
sub-104,46,0.03173693981121458
sub-104,47,2.618116243738373e-06
sub-104,48,6.208021353460204e-05
sub-104,49,5.651611891240217e-05
sub-104,50,1.537578857971604e-07
sub-104,51,3.6653502125237365e-06
sub-104,52,5.927387914407106e-07
sub-104,53,0.1571106659200768
sub-104,54,0.003695890969644603
sub-104,55,0.0017898216950431316
sub-104,56,1.5551666440396095e-05
sub-104,57,0.03647095105571962
sub-104,58,0.021423940335254514
sub-104,59,1.5168907046079863e-05
sub-104,60,2.4848611039665816e-05
sub-104,61,0.08913709431475995
sub-104,62,2.8374708494115747e-08
sub-104,63,1.1578686923257283e-06
sub-104,64,4.136411733939159e-06
sub-104,65,1.0206698940636421e-06
sub-104,66,3.6433514932796e-07
sub-104,67,3.0325691186015603e-05
sub-112,0,0.00040880459683530326
sub-112,1,0.2157996061537522
sub-112,2,0.0006115308021016685
sub-112,3,0.004896192811036964
sub-112,4,1.1205153812440104e-06
sub-112,5,0.0013026515547289966
sub-112,6,0.0032851227528289196
sub-112,7,3.216786943874773e-05
sub-112,8,0.0020095810817322823
sub-112,9,3.119401939794525e-05
sub-112,10,0.005899096175216965
sub-112,11,0.0014731312794908024
sub-112,12,0.015564756091461237
sub-112,13,7.959143315886603e-05
sub-112,14,0.0010123893962540765
sub-112,15,0.0005936573643218526
sub-112,16,4.745005700318358e-06
sub-112,17,3.537775425728873e-05
sub-112,18,1.0597578412404246e-05
sub-112,19,0.0046980116165158
sub-112,20,0.002757974718792433
sub-112,21,0.36990413580329545
sub-112,22,0.008055177589363036
sub-112,23,0.04124917689650793
sub-112,24,0.00018227017896453297
sub-112,25,0.5597003141576281
sub-112,26,0.2389013297335211
sub-112,27,0.0017737814482499006
sub-112,28,0.026628084585583144
sub-112,29,5.140355081136596e-05
sub-112,30,0.002584311080072173
sub-112,31,2.8209683816199943e-07
sub-112,32,0.0001132905167988403
sub-112,33,0.06513232534345499
sub-112,34,3.477787794157435e-07
sub-112,35,0.7587637510627313
sub-112,36,1.0021577658873278e-05
sub-112,37,0.00036349522284743655
sub-112,38,7.381076936866311e-05
sub-112,39,6.484697158569587e-06
sub-112,40,3.987864466544449e-06
sub-112,41,7.647840262866604e-07
sub-112,42,0.6081503763208899
sub-112,43,6.396224833931489e-05
sub-112,44,0.5125432114940429
sub-112,45,0.011679724946761456
sub-112,46,0.6533608933583752
sub-112,47,1.641172607628e-05
sub-112,48,0.015451662261781875
sub-112,49,0.03356377790105284
sub-112,50,2.3473602782443538e-05
sub-112,51,3.124578909628804e-05
sub-112,52,8.107418862641282e-06
sub-112,53,0.00028913064291404776
sub-112,54,8.533359728014062e-05
sub-112,55,0.07972472899113305
sub-112,56,0.0002007325202580836
sub-112,57,0.5171614220152938
sub-112,58,0.12612842298494228
sub-112,59,0.002425939845626794
sub-112,60,0.03685339614052603
sub-112,61,0.001458856942253164
sub-112,62,4.451051095856651e-06
sub-112,63,2.6345532033022217e-06
sub-112,64,0.012060844044643367
sub-112,65,1.3921552633308523e-05
sub-112,66,1.502098792133599e-05
sub-112,67,0.04225534912715445
sub-113,0,1.0719326229022627e-07
sub-113,1,4.365661247147261e-05
sub-113,2,0.15270619615079345
sub-113,3,4.816735977854069e-05
sub-113,4,2.8485075936542845e-06
sub-113,5,0.0027000924190784246
sub-113,6,0.00010490563164386669
sub-113,7,0.004292983461922981
sub-113,8,0.005900999598412867
sub-113,9,3.391161254226405e-05
sub-113,10,0.00018851603792588605
sub-113,11,8.33110445052941e-05
sub-113,12,0.00029725840836758015
sub-113,13,3.232966481662503e-06
sub-113,14,1.0723623451166743e-06
sub-113,15,0.03767651714406714
sub-113,16,0.04007763551498852
sub-113,17,2.2089873992623636e-07
sub-113,18,0.00020904141581716472
sub-113,19,1.3352363908789e-05
sub-113,20,0.13189833200011863
sub-113,21,0.0009732080897981816
sub-113,22,0.0818111772135608
sub-113,23,0.0024015005908244757
sub-113,24,6.085624606951629e-07
sub-113,25,0.006230711715996314
sub-113,26,0.0012044307745837607
sub-113,27,0.09360689853825292
sub-113,28,2.9133575411607973e-06
sub-113,29,8.317134086852466e-06
sub-113,30,0.00030160157322945997
sub-113,31,5.738375056081438e-07
sub-113,32,3.065544273365298e-07
sub-113,33,0.0025601556178105347
sub-113,34,7.1797102011955885e-06
sub-113,35,0.003558300311083847
sub-113,36,0.006679893452010214
sub-113,37,0.00012201275146265172
sub-113,38,0.161010648876113
sub-113,39,3.076880874498357e-05
sub-113,40,0.00019946977821746041
sub-113,41,0.027151651588133572
sub-113,42,0.08244943884393709
sub-113,43,0.00038571222532891663
sub-113,44,4.096682729301925e-07
sub-113,45,0.006359895877788668
sub-113,46,2.9720083753250493e-05
sub-113,47,0.0004075863198058854
sub-113,48,0.01461326522075058
sub-113,49,0.3287539838382158
sub-113,50,0.0014127054632020704
sub-113,51,2.0081108498305897e-05
sub-113,52,0.00047397948325269694
sub-113,53,0.009084314550755966
sub-113,54,0.011383590319827724
sub-113,55,0.05925717579661261
sub-113,56,0.3731348971456382
sub-113,57,0.21588965775372743
sub-113,58,0.0012508117730909809
sub-113,59,0.0006968455930076118
sub-113,60,0.5962418006107847
sub-113,61,0.7542750406796374
sub-113,62,0.0008331975552604528
sub-113,63,0.00498085870733007
sub-113,64,0.0005893217443158365
sub-113,65,0.00014667543856429447
sub-113,66,0.0006043208986191753
sub-113,67,0.005793539248318532
sub-118,0,1.804080929910635e-07
sub-118,1,0.402104459937541
sub-118,2,0.00342809416983393
sub-118,3,0.0007346993940531948
sub-118,4,8.417320884380374e-06
sub-118,5,2.9817937427584924e-05
sub-118,6,0.0002493098672612757
sub-118,7,2.7347458732419754e-06
sub-118,8,0.5739164575330381
sub-118,9,3.308232732092564e-08
sub-118,10,0.17395117638379648
sub-118,11,0.00020317793482777172
sub-118,12,0.16200998646565196
sub-118,13,2.8300487343338373e-05
sub-118,14,0.02056418737069303
sub-118,15,0.0007036705418585162
sub-118,16,0.014418026496640915
sub-118,17,0.0023080968044828605
sub-118,18,0.0013650782185358997
sub-118,19,8.408645601980375e-05
sub-118,20,0.00030416440749560047
sub-118,21,0.9769957033408391
sub-118,22,0.00023100296334347762
sub-118,23,0.18558185033395072
sub-118,24,0.8582166704428923
sub-118,25,0.005077478924762462
sub-118,26,0.6335174073542688
sub-118,27,0.007259650202023519
sub-118,28,2.241358726177781e-05
sub-118,29,6.4648536365771315e-06
sub-118,30,0.0686570294857699
sub-118,31,2.653946090468533e-06
sub-118,32,8.564720807503514e-07
sub-118,33,0.04401501213472048
sub-118,34,1.4016439010625073e-08
sub-118,35,0.15182004035145694
sub-118,36,0.0001442779563397207
sub-118,37,0.002796982456973718
sub-118,38,1.2713725365633515e-05
sub-118,39,0.00012420255042560157
sub-118,40,2.209484672673793e-05
sub-118,41,2.892878560108358e-06
sub-118,42,0.04853035529690086
sub-118,43,0.0009125571766164372
sub-118,44,0.02989480452047013
sub-118,45,0.00032272434121161586
sub-118,46,0.013783473107104281
sub-118,47,1.7146529633965317e-07
sub-118,48,1.89915553966681e-05
sub-118,49,0.11235040441479283
sub-118,50,9.342964315318569e-05
sub-118,51,1.4075012805247244e-05
sub-118,52,5.211133830818502e-06
sub-118,53,7.106523917040693e-05
sub-118,54,7.652424458870453e-07
sub-118,55,0.08548457264935248
sub-118,56,7.09355203415526e-05
sub-118,57,0.025656039848576583
sub-118,58,0.004400856017820113
sub-118,59,0.07330738420670736
sub-118,60,0.00583283298634652
sub-118,61,0.0008739583173792641
sub-118,62,1.6040223857100868e-06
sub-118,63,1.7977571600519122e-05
sub-118,64,0.09395177061218929
sub-118,65,1.8714260547350343e-06
sub-118,66,0.00011309328142116305
sub-118,67,0.011976874677763654
sub-119,0,0.010022914017937746
sub-119,1,0.06809061108786857
sub-119,2,0.0024606606414016054
sub-119,3,0.0034607028254987652
sub-119,4,0.04166356216742585
sub-119,5,0.03692071231193181
sub-119,6,0.028664247216459954
sub-119,7,0.4362195490854673
sub-119,8,0.23357786455566132
sub-119,9,0.002767048394160393
sub-119,10,0.3225831629324023
sub-119,11,0.0875733833000729
sub-119,12,0.0014176383441585998
sub-119,13,0.5759251751620257
sub-119,14,0.27644790056534485
sub-119,15,0.0032284246376391647
sub-119,16,0.004794397707259581
sub-119,17,0.008990715313794985
sub-119,18,0.1558147365845193
sub-119,19,0.04918227390960107
sub-119,20,0.07420425455177415
sub-119,21,0.1818064907143442
sub-119,22,0.05347962895214714
sub-119,23,0.5624733489207712
sub-119,24,0.0031867808398948405
sub-119,25,0.004798024606089007
sub-119,26,0.3506353215773179
sub-119,27,0.10025171306362973
sub-119,28,0.016621680007858994
sub-119,29,5.448743006182214e-05
sub-119,30,5.000453696140806e-05
sub-119,31,0.01336557625960211
sub-119,32,1.2727310540724636e-05
sub-119,33,0.18147753251573137
sub-119,34,0.00021179722661374955
sub-119,35,0.04890921225785235
sub-119,36,0.00029617288445180393
sub-119,37,0.02921184075897623
sub-119,38,0.0016626183955892342
sub-119,39,0.09588632674140721
sub-119,40,0.0006734757172688204
sub-119,41,8.948238548559346e-05
sub-119,42,0.09408550449770998
sub-119,43,0.0014366479808795086
sub-119,44,0.00395758514491522
sub-119,45,0.0005096113958107199
sub-119,46,0.011475401963375225
sub-119,47,5.791872072726199e-06
sub-119,48,0.0005323473835488968
sub-119,49,0.001360966465715214
sub-119,50,7.057784769921167e-07
sub-119,51,0.00010924618898105126
sub-119,52,7.323664949286024e-07
sub-119,53,0.00024264461699698435
sub-119,54,0.03741016179309148
sub-119,55,0.033659106491403384
sub-119,56,0.0028423156525763734
sub-119,57,0.9099109036658287
sub-119,58,0.02417897995939443
sub-119,59,0.0028814762495354388
sub-119,60,0.0024076298350404835
sub-119,61,0.027849089298416962
sub-119,62,5.428541675523592e-05
sub-119,63,5.5677958528148864e-05
sub-119,64,6.169354335486211e-05
sub-119,65,0.005924280336771968
sub-119,66,8.190800513637913e-07
sub-119,67,0.0007368667762277399
sub-132,0,4.752274348588295e-06
sub-132,1,0.0001685093216722731
sub-132,2,0.000264467172135113
sub-132,3,0.0007858198631971872
sub-132,4,0.00040130616420348093
sub-132,5,0.0009788699613364955
sub-132,6,0.0008165451294042139
sub-132,7,0.002748872163770708
sub-132,8,0.0005211433794648864
sub-132,9,0.0006495873816887203
sub-132,10,0.00015125085239230904
sub-132,11,0.0010277593544913528
sub-132,12,0.0007903216436654591
sub-132,13,8.073141404092195e-05
sub-132,14,0.00017239536488959355
sub-132,15,0.00014108760710576377
sub-132,16,6.401170407003261e-07
sub-132,17,1.2488478618663098e-06
sub-132,18,5.536000736926703e-06
sub-132,19,0.0005486279084704162
sub-132,20,8.416184669850932e-05
sub-132,21,0.0004660501724159875
sub-132,22,1.0621617397315834e-06
sub-132,23,0.0004942571383957276
sub-132,24,0.000645965261045634
sub-132,25,0.00011090065626360971
sub-132,26,4.3011815230723116e-05
sub-132,27,0.011935554509725983
sub-132,28,1.125831187607644e-05
sub-132,29,1.4931496012344602e-05
sub-132,30,9.444087132423993e-05
sub-132,31,0.0018936863154858793
sub-132,32,2.2513827718766875e-05
sub-132,33,0.0002160933728263221
sub-132,34,0.4906868550112232
sub-132,35,0.0028270088556719185
sub-132,36,0.006507818626652147
sub-132,37,0.0888305011737942
sub-132,38,0.0008026002130597055
sub-132,39,0.015042097699930949
sub-132,40,0.2592408445736027
sub-132,41,0.4221038141037759
sub-132,42,0.07345692515642145
sub-132,43,0.4623522956150186
sub-132,44,0.06712655046571955
sub-132,45,0.014739849075212834
sub-132,46,0.017976417572483153
sub-132,47,0.5960484978563271
sub-132,48,0.019910016704099465
sub-132,49,0.005509837829268599
sub-132,50,0.17398032067651328
sub-132,51,0.13295515694806048
sub-132,52,0.43112154607891245
sub-132,53,0.03408185117292546
sub-132,54,0.0028589460270790467
sub-132,55,5.8110091963429186e-05
sub-132,56,0.002844289862276509
sub-132,57,0.03336769270813075
sub-132,58,0.002377953791742139
sub-132,59,0.0223262602336785
sub-132,60,0.00019367016903503465
sub-132,61,0.02224207047542657
sub-132,62,0.8749134181700119
sub-132,63,0.8386148844500336
sub-132,64,0.0003713387625424311
sub-132,65,0.48309427764260837
sub-132,66,0.4653464567325487
sub-132,67,0.10158356426759722
sub-133,0,7.000594109724796e-05
sub-133,1,0.002819159814691322
sub-133,2,0.7119362956892034
sub-133,3,0.03347953018691826
sub-133,4,0.037920519552355335
sub-133,5,0.004551780562369265
sub-133,6,0.03392522666919352
sub-133,7,0.08151965901742082
sub-133,8,0.01654553489554972
sub-133,9,0.12527002775125773
sub-133,10,0.6070098635224334
sub-133,11,0.026052836358400493
sub-133,12,0.017711826032057332
sub-133,13,0.16142734142159618
sub-133,14,0.005642107647583688
sub-133,15,0.0019077806310595733
sub-133,16,0.7812685397778549
sub-133,17,0.052129554572275576
sub-133,18,0.3002243457071098
sub-133,19,0.01549882452642077
sub-133,20,0.0089168630771923
sub-133,21,0.0008785228819465838
sub-133,22,0.1362880679625693
sub-133,23,0.0016914357054456921
sub-133,24,0.028157361218413262
sub-133,25,0.40837887489583546
sub-133,26,0.5580274652609143
sub-133,27,0.005083088206515125
sub-133,28,0.009086294675371956
sub-133,29,0.0013905837838202664
sub-133,30,0.11130563818035784
sub-133,31,0.16157506346253664
sub-133,32,3.455775971159714e-05
sub-133,33,0.22853304181783424
sub-133,34,5.745349491042201e-05
sub-133,35,4.178952517579786e-05
sub-133,36,0.5797366213710201
sub-133,37,1.5106258523849396e-05
sub-133,38,5.340897630450466e-05
sub-133,39,8.370537604192516e-06
sub-133,40,0.08437076454603933
sub-133,41,1.1349556044185462e-05
sub-133,42,0.0004731823823079818
sub-133,43,0.0001385344612345446
sub-133,44,0.0033991195973231626
sub-133,45,1.271135734779053e-06
sub-133,46,0.0030308704946199194
sub-133,47,0.00026280560898798083
sub-133,48,0.0005606905517464574
sub-133,49,0.021716025956063992
sub-133,50,0.000965452201774165
sub-133,51,1.65567401783428e-06
sub-133,52,9.918929404751242e-06
sub-133,53,0.00020748027726969512
sub-133,54,0.0075374332838199125
sub-133,55,5.221313564228868e-05
sub-133,56,0.40997144235216815
sub-133,57,0.002402483780168629
sub-133,58,0.0003566551802162231
sub-133,59,0.028105963639456902
sub-133,60,0.3659752763435214
sub-133,61,0.0006026070264230323
sub-133,62,8.678844494012135e-06
sub-133,63,1.615101173225528e-05
sub-133,64,0.5496920239958074
sub-133,65,1.9538782103950164e-05
sub-133,66,2.3511776756017e-07
sub-133,67,0.0021832717472700194
sub-135,0,4.05436057105893e-05
sub-135,1,0.008866195906507366
sub-135,2,0.018497200333379128
sub-135,3,0.000736187007798632
sub-135,4,0.030633372624139066
sub-135,5,0.00014629523722105907
sub-135,6,0.0003367331226426113
sub-135,7,0.0006538894144276048
sub-135,8,0.005934729584631184
sub-135,9,0.0266628476886583
sub-135,10,0.25825456241422756
sub-135,11,0.0023063646875381896
sub-135,12,0.095976372126289
sub-135,13,0.007026335917207665
sub-135,14,0.00302023323039244
sub-135,15,6.033958125204655e-06
sub-135,16,0.05553363134631847
sub-135,17,0.03614073462926169
sub-135,18,0.4082686654323841
sub-135,19,0.0007097035528777952
sub-135,20,4.232234703342146e-05
sub-135,21,0.00028944116184131784
sub-135,22,0.0009174764157284393
sub-135,23,0.008426587060265566
sub-135,24,0.015671639448654708
sub-135,25,0.55952328448465
sub-135,26,0.15677598659067
sub-135,27,0.004163307186061493
sub-135,28,0.013188531651642433
sub-135,29,3.0445851425396804e-06
sub-135,30,0.6874773274752753
sub-135,31,0.00028058693874708326
sub-135,32,1.6313152692974637e-06
sub-135,33,0.0043466717578794015
sub-135,34,2.91564275536847e-05
sub-135,35,0.0018120858654932133
sub-135,36,0.020299885775349632
sub-135,37,0.000329627667154664
sub-135,38,9.592189052968503e-06
sub-135,39,5.153247392470457e-05
sub-135,40,0.009705608617148094
sub-135,41,0.0006607196301032136
sub-135,42,7.214809934205618e-06
sub-135,43,0.000890566476020955
sub-135,44,0.08033506383332935
sub-135,45,0.009659766882944574
sub-135,46,0.02589995904721733
sub-135,47,0.00039962595270035716
sub-135,48,4.808055135476078e-05
sub-135,49,0.0004464461426016694
sub-135,50,0.05368734868635297
sub-135,51,0.01109100752382108
sub-135,52,0.22663481884069725
sub-135,53,0.002933386093371367
sub-135,54,0.0038639424428091053
sub-135,55,0.0005274698269631096
sub-135,56,0.06442601730483866
sub-135,57,5.874361314938599e-05
sub-135,58,8.323148397808773e-06
sub-135,59,0.5906222457430129
sub-135,60,0.2886215974343723
sub-135,61,0.00040873207399209547
sub-135,62,3.650249387258954e-05
sub-135,63,8.412461748396494e-05
sub-135,64,0.23180293986475786
sub-135,65,1.614310606239496e-05
sub-135,66,1.0926699270247272e-05
sub-135,67,0.060425888499212856
