phase,exp,family,n_feat,graph,seed,val_auprc,val_auroc,val_dice
C_feature_ablation,full,hgb,39.0,none,0,0.508480553024313,0.8538187050838435,0.4549319727891157
C_feature_ablation,full,logreg,39.0,none,0,0.4988611588108522,0.8588800904977376,0.4767006802721088
C_feature_ablation,+node_prior,hgb,40.0,none,0,0.45784829803142946,0.8428641535799841,0.425765306122449
C_feature_ablation,+node_prior,logreg,40.0,none,0,0.44569595578093624,0.8399695568272558,0.3793367346938776
C_feature_ablation,-is_ipsilateral,hgb,38.0,none,0,0.4515052934449514,0.8306245009315945,0.4436224489795918
C_feature_ablation,-is_ipsilateral,logreg,38.0,none,0,0.474201898111497,0.8397574527548576,0.4588435374149659
C_feature_ablation,-graph_stats,hgb,35.0,none,0,0.44552208727048004,0.8427643398988556,0.45612244897959187
C_feature_ablation,-graph_stats,logreg,35.0,none,0,0.4620995250054957,0.8510655110460474,0.46386054421768713
C_feature_ablation,-within_z,hgb,26.0,none,0,0.49121821746928507,0.8551370774554166,0.4405612244897959
C_feature_ablation,-within_z,logreg,26.0,none,0,0.49119303086462146,0.8572248469523558,0.4767006802721088
C_feature_ablation,-missing_indicators,hgb,32.0,none,0,0.5088308832233832,0.8546088967261112,0.46326530612244904
C_feature_ablation,-missing_indicators,logreg,32.0,none,0,0.5002140199245979,0.8614710873036998,0.46777210884353737
C_feature_ablation,A_only,hgb,24.0,none,0,0.43730217739623745,0.8358896726111258,0.4079081632653061
C_feature_ablation,A_only,logreg,24.0,none,0,0.4438737822022617,0.8363845821133883,0.43137755102040826
C_feature_ablation,B_only,hgb,20.0,none,0,0.3565992189027202,0.8039784069736491,0.32721088435374146
C_feature_ablation,B_only,logreg,20.0,none,0,0.3800428397815771,0.8058041655576258,0.3662414965986395
C_feature_ablation,raw_minimal,hgb,14.0,none,0,0.38447599889301953,0.8268482166622305,0.42568027210884357
C_feature_ablation,raw_minimal,logreg,14.0,none,0,0.42675577113401914,0.8310403912696299,0.44719387755102036
C_node_identity,baseline (as frozen),hgb,39.0,none,0,0.508480553024313,0.8538187050838435,0.4549319727891157
C_node_identity,baseline (as frozen),logreg,39.0,none,0,0.4988611588108522,0.8588800904977376,0.4767006802721088
C_node_identity,+node_onehot (68 cols),hgb,107.0,none,0,0.4979874698336546,0.8555404910833111,0.47100340136054425
C_node_identity,+node_onehot (68 cols),logreg,107.0,none,0,0.42661521124427404,0.8378609928134149,0.38528911564625856
C_node_identity,+node_prior_ipsilateral,hgb,40.0,none,0,0.4178466807069849,0.7992039858929998,0.43886054421768705
C_node_identity,+node_prior_ipsilateral,logreg,40.0,none,0,0.4402652934637579,0.8287488355070534,0.40969387755102044
C_node_identity,+both node forms,hgb,108.0,none,0,0.41974047652227153,0.798950292786798,0.43886054421768705
C_node_identity,+both node forms,logreg,108.0,none,0,0.4267967497348801,0.8249975046579718,0.4233843537414966
C_node_identity,NO CLINICAL PRIOR (-ipsi),hgb,38.0,none,0,0.4515052934449514,0.8306245009315945,0.4436224489795918
C_node_identity,NO CLINICAL PRIOR (-ipsi),logreg,38.0,none,0,0.474201898111497,0.8397574527548576,0.4588435374149659
C_node_identity,NO CLINICAL PRIOR +node_ipsi,hgb,39.0,none,0,0.41894202750840764,0.8016161498536067,0.43886054421768705
C_node_identity,NO CLINICAL PRIOR +node_ipsi,logreg,39.0,none,0,0.43829941600996414,0.8266610660101144,0.4245748299319728
C_hp_scan,hgb d=4 lr=0.03 it=200,nongraph,,none,0,0.5085,0.8538,0.4549
C_hp_scan,hgb d=3 lr=0.03 it=200,nongraph,,none,0,0.5022,0.8565,0.4531
C_hp_scan,logreg C=0.3 cw=None,nongraph,,none,0,0.4999,0.8598,0.4707
C_hp_scan,logreg C=1.0 cw=None,nongraph,,none,0,0.4992,0.8604,0.4719
C_hp_scan,logreg C=0.1 cw=None,nongraph,,none,0,0.4989,0.8589,0.4767
C_hp_scan,logreg C=3.0 cw=None,nongraph,,none,0,0.4985,0.8604,0.4791
C_hp_scan,logreg C=0.03 cw=None,nongraph,,none,0,0.4983,0.8583,0.4838
C_hp_scan,hgb d=3 lr=0.03 it=400,nongraph,,none,0,0.4974,0.8553,0.4579
C_hp_scan,logreg C=0.01 cw=None,nongraph,,none,0,0.4969,0.8577,0.4838
C_hp_scan,hgb d=3 lr=0.06 it=200,nongraph,,none,0,0.4957,0.8523,0.4552
C_hp_scan,logreg C=0.01 cw=balanced,nongraph,,none,0,0.4924,0.857,0.4767
C_hp_scan,logreg C=0.03 cw=balanced,nongraph,,none,0,0.4917,0.8576,0.4767
C_hp_scan,hgb d=4 lr=0.03 it=400,nongraph,,none,0,0.4905,0.8503,0.4633
C_hp_scan,logreg C=0.1 cw=balanced,nongraph,,none,0,0.4886,0.8577,0.4767
C_hp_scan,hgb d=4 lr=0.06 it=200,nongraph,,none,0,0.4875,0.8512,0.4442
C_hp_scan,logreg C=0.3 cw=balanced,nongraph,,none,0,0.4864,0.8573,0.4588
C_hp_scan,hgb d=2 lr=0.03 it=400,nongraph,,none,0,0.4855,0.8555,0.4528
C_hp_scan,logreg C=1.0 cw=balanced,nongraph,,none,0,0.4829,0.8566,0.4678
C_hp_scan,hgb d=2 lr=0.03 it=200,nongraph,,none,0,0.4825,0.8572,0.4609
C_hp_scan,logreg C=3.0 cw=balanced,nongraph,,none,0,0.4796,0.8563,0.4618
C_hp_scan,hgb d=2 lr=0.06 it=200,nongraph,,none,0,0.4715,0.8541,0.4448
C_hp_scan,hgb d=3 lr=0.06 it=400,nongraph,,none,0,0.4654,0.8445,0.448
C_hp_scan,hgb d=4 lr=0.06 it=400,nongraph,,none,0,0.461,0.8425,0.4299
C_hp_scan,hgb d=2 lr=0.06 it=400,nongraph,,none,0,0.4602,0.8505,0.4508
D_graph_hp,{'n_layers': 1},graphnet,,real,0-2,0.510544431513719,0.8876319758672699,0.4720521541950113
D_graph_hp,{'n_layers': 2},graphnet,,real,0-2,0.5408930278415012,0.8930163694437051,0.4921201814058957
D_graph_hp,{'n_layers': 3},graphnet,,real,0-2,0.5400363368239541,0.8912862656374766,0.489937641723356
D_graph_hp,{'hidden': 32},graphnet,,real,0-2,0.5352905310431241,0.895931760713335,0.4971371882086168
D_graph_hp,{'dropout': 0.1},graphnet,,real,0-2,0.5229079783336752,0.8888408304498269,0.5052154195011337
D_graph_hp,{'dropout': 0.5},graphnet,,real,0-2,0.5315585457844118,0.8976091850767456,0.5037131519274376
D_graph_hp,{'lr': 0.001},graphnet,,real,0-2,0.5330047293661817,0.8940574815899209,0.5217687074829932
D_graph_hp,{'pos_weight': 5.0},graphnet,,real,0-2,0.5392447478885379,0.8956725224026263,0.522562358276644
D_graph_hp,{'residual': False},graphnet,,real,0-2,0.5333805602137224,0.8961618867003814,0.49699546485260776
D_design_choices,self-loop c*I  + sym agg  + BCE   (current),graphnet,,real,0-2,0.5408930278415012,0.8930163694437051,0.4921201814058957
D_design_choices,NO self-loop   + sym agg  + BCE,graphnet,,real,0-2,0.545624101709186,0.8946050705350013,0.5022392290249432
D_design_choices,self-loop c*I  + MEAN agg + BCE,graphnet,,real,0-2,0.5354677540487168,0.8925630489752462,0.5006519274376416
D_design_choices,NO self-loop   + MEAN agg + BCE,graphnet,,real,0-2,0.5425544498942456,0.8952011800195191,0.51156462585034
D_design_choices,self-loop c*I  + sym agg  + FOCAL g=2,graphnet,,real,0-2,0.5309103351287895,0.8914720299884661,0.501218820861678
D_design_choices,self-loop c*I  + sym agg  + FOCAL g=1,graphnet,,real,0-2,0.538053548255017,0.8929470543873658,0.5020408163265305
E_ablation,graph_real,graphnet,,real,0,0.5351315285264704,0.8895104138940645,0.5049319727891156
E_ablation,graph_real,graphnet,,real,1,0.5543827589456759,0.898273223316476,0.4977891156462585
E_ablation,graph_real,graphnet,,real,2,0.533164796052357,0.8912654711205749,0.47363945578231287
E_ablation,graph_real,graphnet,,real,3,0.529810767781663,0.8904794383816874,0.507312925170068
E_ablation,graph_real,graphnet,,real,4,0.548088712084389,0.8892276084642001,0.5150510204081632
E_ablation,graph_real,graphnet,,real,5,0.5405514562191086,0.8924216462603142,0.5189625850340136
E_ablation,graph_real,graphnet,,real,6,0.5505898196882837,0.8893981235027947,0.5040816326530612
E_ablation,graph_real,graphnet,,real,7,0.5501933334891291,0.8841371107266435,0.5299319727891156
E_ablation,graph_real,graphnet,,real,8,0.5306966958203728,0.8930205283470856,0.4807823129251701
E_ablation,graph_real,graphnet,,real,9,0.54032434219948,0.890695701357466,0.5058673469387754
E_ablation,graph_shuffled,graphnet,,shuffled,0,0.47457856607287724,0.8423318139472985,0.42602040816326525
E_ablation,graph_shuffled,graphnet,,shuffled,1,0.4689680358695265,0.8383309488953952,0.4501700680272109
E_ablation,graph_shuffled,graphnet,,shuffled,2,0.47455583525259615,0.8510114453021027,0.46113945578231297
E_ablation,graph_shuffled,graphnet,,shuffled,3,0.46133973587220667,0.8362598150119775,0.4198129251700681
E_ablation,graph_shuffled,graphnet,,shuffled,4,0.4879875290971841,0.8424274687250466,0.5079081632653061
E_ablation,graph_shuffled,graphnet,,shuffled,5,0.4615944183747044,0.845055895661432,0.45340136054421765
E_ablation,graph_shuffled,graphnet,,shuffled,6,0.467544521291353,0.842094756454618,0.42278911564625854
E_ablation,graph_shuffled,graphnet,,shuffled,7,0.44644464636347947,0.835028779611392,0.4599489795918367
E_ablation,graph_shuffled,graphnet,,shuffled,8,0.4768773375877847,0.8375948229970721,0.44600340136054417
E_ablation,graph_shuffled,graphnet,,shuffled,9,0.45363945187780397,0.8278380356667554,0.4427721088435374
E_ablation,graph_identity,graphnet,,identity,0,0.46809075298509295,0.8294392134681928,0.46683673469387754
E_ablation,graph_identity,graphnet,,identity,1,0.4323694029655426,0.8366341163162098,0.4215986394557823
E_ablation,graph_identity,graphnet,,identity,2,0.46894300178100357,0.8385097817407506,0.4525510204081633
E_ablation,graph_identity,graphnet,,identity,3,0.47068044666048037,0.8338559688581315,0.4364795918367346
E_ablation,graph_identity,graphnet,,identity,4,0.46228854721445584,0.8324710540324727,0.3924319727891156
E_ablation,graph_identity,graphnet,,identity,5,0.47083108737794754,0.8356359795049241,0.4418367346938776
E_ablation,graph_identity,graphnet,,identity,6,0.42980201233099463,0.8367755190311419,0.41556122448979593
E_ablation,graph_identity,graphnet,,identity,7,0.48296621581907395,0.840705682725579,0.44277210884353746
E_ablation,graph_identity,graphnet,,identity,8,0.4415311410063114,0.8370375299441043,0.4674319727891157
E_ablation,graph_identity,graphnet,,identity,9,0.45663339881415427,0.8398281541123236,0.4647108843537416
E_ablation,graph_weights,graphnet,,weights,0,0.5306624517426503,0.8822614453021028,0.5011054421768707
E_ablation,graph_weights,graphnet,,weights,1,0.537614551883738,0.8861042720255523,0.5168367346938776
E_ablation,graph_weights,graphnet,,weights,2,0.5258228880651258,0.8926628626563747,0.48316326530612247
E_ablation,graph_weights,graphnet,,weights,3,0.5357535910334363,0.8898597617780143,0.4700680272108843
E_ablation,graph_weights,graphnet,,weights,4,0.5330242883906057,0.8874559156241681,0.49013605442176866
E_ablation,graph_weights,graphnet,,weights,5,0.526672043834477,0.8999118312483364,0.49481292517006803
E_ablation,graph_weights,graphnet,,weights,6,0.532457426155993,0.8902881288261911,0.5183673469387755
E_ablation,graph_weights,graphnet,,weights,7,0.5482850531870808,0.8811884482299708,0.4960034013605442
E_ablation,graph_weights,graphnet,,weights,8,0.5262112609185946,0.8904212137343626,0.46598639455782315
E_ablation,graph_weights,graphnet,,weights,9,0.5137558183709026,0.8841662230503061,0.4719387755102041
E_capacity_sensitivity,"small (h=16, L=1)|real",graphnet,,real,0-3,0.5231421167204516,,
E_capacity_sensitivity,"small (h=16, L=1)|shuffled",graphnet,,shuffled,0-3,0.46102164835454584,,
E_capacity_sensitivity,"small (h=16, L=1)|identity",graphnet,,identity,0-3,0.4519488509662042,,
E_capacity_sensitivity,"frozen (h=64, L=2)|real",graphnet,,real,0-3,0.5381224628265416,,
E_capacity_sensitivity,"frozen (h=64, L=2)|shuffled",graphnet,,shuffled,0-3,0.46986054326680166,,
E_capacity_sensitivity,"frozen (h=64, L=2)|identity",graphnet,,identity,0-3,0.46002090109802984,,
E_capacity_sensitivity,"large (h=128, L=3)|real",graphnet,,real,0-3,0.5418245470138163,,
E_capacity_sensitivity,"large (h=128, L=3)|shuffled",graphnet,,shuffled,0-3,0.4698420096313801,,
E_capacity_sensitivity,"large (h=128, L=3)|identity",graphnet,,identity,0-3,0.45258691045629296,,
F_modality,A_only,graphnet,,real,0,0.4614540891413259,0.8577114386478573,0.45875850340136054
F_modality,A_only,graphnet,,real,1,0.47475512344581006,0.8665324727175938,0.4774659863945578
F_modality,A_only,graphnet,,real,2,0.46613491902544374,0.8533861791322864,0.475765306122449
F_modality,A_only,graphnet,,real,3,0.4784708396794845,0.8645237223848815,0.49056122448979594
F_modality,A_only,graphnet,,real,4,0.471355955809406,0.8577239153579984,0.49234693877551017
F_modality,B_only,graphnet,,real,0,0.4358620108162594,0.8554448363055629,0.3840986394557824
F_modality,B_only,graphnet,,real,1,0.4262863816232134,0.8448313148788926,0.3888605442176871
F_modality,B_only,graphnet,,real,2,0.42734965750286635,0.8486159169550173,0.3816326530612245
F_modality,B_only,graphnet,,real,3,0.44127036062591485,0.8511237356933723,0.41947278911564634
F_modality,B_only,graphnet,,real,4,0.43984792804243195,0.851023922012244,0.39566326530612245
F_modality,A_plus_B,graphnet,,real,0,0.5351315285264704,0.8895104138940645,0.5049319727891156
F_modality,A_plus_B,graphnet,,real,1,0.5543827589456759,0.898273223316476,0.4977891156462585
F_modality,A_plus_B,graphnet,,real,2,0.533164796052357,0.8912654711205749,0.47363945578231287
F_modality,A_plus_B,graphnet,,real,3,0.529810767781663,0.8904794383816874,0.507312925170068
F_modality,A_plus_B,graphnet,,real,4,0.548088712084389,0.8892276084642001,0.5150510204081632
F_modality_isolated,A_only (isolated),graphnet,,real,0-4,0.4231991468515673,0.8336105935586905,0.4601190476190476
F_modality_isolated,B_only (isolated),graphnet,,real,0-4,0.3958543400778371,0.8255464799041788,0.3625850340136054
F_modality_isolated,A_plus_B (isolated),graphnet,,real,0-4,0.5195925527038395,0.8787513308490816,0.459438775510204
G_missingB,S2_moddropout_r0.15,graphnet,,real,0-4,0.5512,,0.5329
G_missingB,S2_moddropout_r0.3,graphnet,,real,0-4,0.5551,,0.5401
G_missingB,S2_moddropout_r0.5,graphnet,,real,0-4,0.5545,,0.5349
I_fusion,model_alone,fusion,,real,ens,0.5550788269595573,0.9019954418418951,0.5400510204081633
I_fusion,simulation_alone,fusion,,real,ens,0.4371021461707463,0.7722147824061751,0.5547619047619048
I_fusion,naive_avg_raw,fusion,,real,ens,0.6886906143735627,0.9120932592494012,0.6786564625850341
I_fusion,naive_avg_rank,fusion,,real,ens,0.5709603336813408,0.8914817340963535,0.5185374149659864
I_fusion,FA_convex_weight,fusion,,real,ens,0.5794400038927721,0.896081481235028,0.5477040816326529
I_fusion,FB_confidence_aware,fusion,,real,ens,0.669516831945709,0.9221848383018365,0.6206632653061224
I_fusion,FC_oof_stacker,fusion,,real,ens,0.7199351375381506,0.9369343891402715,0.6811224489795918
